id,first_name,last_name,email,date_of_birth,Age,Country,Phone
1,Alleen,Yurchishin,ayurchishin0@netlog.com,1990-06-14T21:47:20Z,37,China,2881353761
2,Emmey,Wickwar,ewickwar1@blogspot.com,1986-03-12T07:45:40Z,25,Czech Republic,1686184831
3,Lizbeth,Becerra,lbecerra2@hatena.ne.jp,1988-07-10T12:05:33Z,19,France,4893563366
4,Avery,Anscombe,aanscombe3@seesaa.net,2000-09-05T15:21:44Z,48,Japan,9291993953
5,Andriette,Zorzetti,azorzetti4@squidoo.com,1996-07-14T09:51:09Z,37,Philippines,9931112395
6,Hanny,Vuittet,hvuittet5@lycos.com,1983-05-25T18:47:44Z,22,Japan,7676178694
7,Nike,Durber,ndurber6@flavors.me,2006-05-13T07:36:53Z,55,Zambia,1279471176
8,Terrel,Bream,tbream7@g.co,1976-10-27T20:39:32Z,47,China,8795804887
9,Elsa,Sibly,esibly8@blogspot.com,1977-04-29T16:13:57Z,23,Brazil,8328496853
10,Luise,M'Quharge,lmquharge9@alibaba.com,2013-09-21T16:15:03Z,33,Portugal,4139154840
11,Danita,Sawley,dsawleya@va.gov,2013-05-06T03:17:02Z,30,China,7121690120
12,Fitz,Woodcroft,fwoodcroftb@quantcast.com,1999-07-13T08:02:35Z,21,Nigeria,8729705607
13,Chastity,De Mitris,cdemitrisc@newsvine.com,1975-09-27T07:27:36Z,39,Germany,1445378439
14,Hasty,Moncarr,hmoncarrd@purevolume.com,2014-06-17T11:25:05Z,41,China,9985622732
15,Dodie,Joslow,djoslowe@marketwatch.com,1987-06-27T06:23:15Z,18,China,2896484702
16,Winna,Medwell,wmedwellf@statcounter.com,2005-01-30T18:04:39Z,36,Brazil,1026616219
17,Garey,Leall,gleallg@tumblr.com,1974-11-23T01:06:02Z,26,Italy,6367362696
18,Wylie,Tarn,wtarnh@techcrunch.com,2003-08-17T20:52:57Z,56,China,8819627788
19,Decca,Hutchcraft,dhutchcrafti@google.com.au,2007-10-15T14:32:30Z,20,China,1619426305
20,Ebonee,Cartmael,ecartmaelj@virginia.edu,1983-03-19T23:36:59Z,52,Sweden,7054802903
21,Andie,Vian,aviank@163.com,2007-11-26T10:06:35Z,38,Indonesia,4229656802
22,Fields,Simion,fsimionl@admin.ch,1988-08-14T05:27:13Z,32,China,1227154911
23,Kakalina,Baiyle,kbaiylem@ox.ac.uk,1975-06-15T06:20:43Z,45,Macedonia,9809910647
24,Ailis,Laven,alavenn@i2i.jp,1986-03-27T12:35:56Z,58,China,3367873877
25,Martyn,Casswell,mcasswello@ucoz.ru,1985-03-05T15:31:46Z,41,Russia,6084957369
26,Sax,Jannings,sjanningsp@indiegogo.com,1992-08-23T08:28:31Z,32,Brazil,8407844732
27,Vita,Gilogly,vgiloglyq@1und1.de,1984-06-11T00:18:32Z,43,China,2495595282
28,Hyacinth,Stonman,hstonmanr@cdc.gov,1988-06-14T21:30:39Z,33,China,3253519144
29,Erma,Trainer,etrainers@columbia.edu,1991-12-13T09:09:38Z,52,Portugal,7992316714
30,Ingram,Moores,imoorest@gov.uk,2019-04-22T12:58:05Z,32,Czech Republic,2782643674
31,Cyrillus,Merrigans,cmerrigansu@fema.gov,1972-07-20T02:56:09Z,39,Cuba,3455691894
32,Elisha,Coleiro,ecoleirov@webnode.com,1984-12-31T07:36:30Z,44,Uzbekistan,9978860894
33,Nicoli,Gayle,ngaylew@sphinn.com,1975-11-09T18:26:30Z,39,Philippines,9517098249
34,Brandi,Bamsey,bbamseyx@accuweather.com,2002-10-08T17:15:08Z,57,France,2121421677
35,Peta,Somerscales,psomerscalesy@parallels.com,2003-12-25T23:06:18Z,54,Indonesia,6094306017
36,Tull,Bodd,tboddz@shinystat.com,1998-08-24T16:03:35Z,38,China,8652575305
37,Morten,Lagadu,mlagadu10@geocities.com,1971-11-29T08:43:24Z,56,Botswana,1481757433
38,Scotti,Kerwood,skerwood11@whitehouse.gov,1981-01-12T10:05:58Z,56,Iran,3205662860
39,Cyndie,Robken,crobken12@squidoo.com,2014-12-19T18:18:30Z,41,China,8367320424
40,Jaquith,Dougary,jdougary13@myspace.com,2003-11-09T17:16:19Z,55,Philippines,8603872076
41,Gates,Eburne,geburne14@issuu.com,2019-04-10T06:48:25Z,52,China,6215878794
42,Kimble,Gruszczak,kgruszczak15@facebook.com,1992-12-16T00:54:17Z,44,China,9002414838
43,Bari,Idill,bidill16@list-manage.com,1978-03-02T05:11:03Z,27,China,8085136781
44,Wenonah,Konzelmann,wkonzelmann17@nsw.gov.au,1984-10-14T18:37:33Z,21,Portugal,3885630029
45,Rosie,Tulk,rtulk18@phoca.cz,1982-08-08T14:08:56Z,18,Iran,6829679996
46,Carlene,Pottiphar,cpottiphar19@economist.com,1975-02-20T05:32:57Z,22,Russia,4894636143
47,Joella,Bondley,jbondley1a@seesaa.net,2002-06-16T00:57:50Z,47,Poland,3186398106
48,Nathan,Dybbe,ndybbe1b@answers.com,1991-09-18T04:33:18Z,27,Indonesia,5208960239
49,Stesha,Sebyer,ssebyer1c@dropbox.com,2005-11-02T09:24:27Z,23,Japan,5506293939
50,Danella,Aggus,daggus1d@yellowpages.com,1983-08-16T19:12:02Z,52,Latvia,5224228279
51,Virgina,Bayless,vbayless1e@wikispaces.com,2019-10-23T18:00:31Z,57,Paraguay,6115761231
52,Candis,Mainland,cmainland1f@hatena.ne.jp,2011-02-01T08:44:16Z,52,Japan,6694723880
53,Lenka,Howsley,lhowsley1g@tmall.com,2008-09-21T14:47:57Z,34,France,6811562913
54,Tobit,Lemmens,tlemmens1h@thetimes.co.uk,1978-05-04T11:11:21Z,43,Philippines,7826524354
55,Dyann,Fenwick,dfenwick1i@zimbio.com,2002-12-07T04:14:39Z,30,Yemen,1531437681
56,Lois,Swallow,lswallow1j@reverbnation.com,1987-09-06T13:45:32Z,57,Indonesia,6559661878
57,Concordia,Yockley,cyockley1k@bloglines.com,1985-08-25T08:57:42Z,41,Pakistan,5338867847
58,Kala,Di Biasi,kdibiasi1l@usgs.gov,1992-09-18T13:11:37Z,23,Brazil,9191507224
59,Coretta,Boc,cboc1m@liveinternet.ru,1982-10-16T13:13:39Z,54,Poland,5564379459
60,Chelsy,Gaythor,cgaythor1n@si.edu,1981-04-15T18:06:40Z,56,China,8381235121
61,Feodora,Yerill,fyerill1o@lycos.com,1986-05-09T13:09:23Z,48,Japan,6861851627
62,Tanitansy,Sharrier,tsharrier1p@mediafire.com,2018-07-03T06:29:32Z,53,Philippines,4911039499
63,Mandie,Grise,mgrise1q@berkeley.edu,2009-02-05T12:47:01Z,48,Russia,3099343100
64,Patin,Andrasch,pandrasch1r@com.com,2020-01-13T10:27:19Z,18,Albania,7468667656
65,Hogan,Pikesley,hpikesley1s@indiegogo.com,2014-04-13T04:37:05Z,49,Czech Republic,8695295909
66,Cinda,Dodamead,cdodamead1t@archive.org,1988-02-21T06:06:27Z,26,Argentina,1158361719
67,Eugenius,Grimsdith,egrimsdith1u@bloomberg.com,2007-10-04T15:12:06Z,35,Philippines,8967369020
68,Barbabas,Castaner,bcastaner1v@sciencedirect.com,2018-03-18T06:26:48Z,39,France,9775096807
69,Concordia,Fendlow,cfendlow1w@gmpg.org,2012-07-09T00:19:24Z,22,Philippines,8267321430
70,Trixie,Petrenko,tpetrenko1x@chronoengine.com,1992-09-04T08:23:43Z,30,France,8244312095
71,Emmerich,Showers,eshowers1y@bandcamp.com,1986-06-08T02:35:50Z,57,China,6383183302
72,Babb,Brownell,bbrownell1z@wikispaces.com,2018-10-23T14:01:00Z,20,Poland,9851851380
73,Catie,Ortiga,cortiga20@eventbrite.com,2007-12-13T15:01:41Z,57,China,6259310359
74,Chelsy,Baxendale,cbaxendale21@state.gov,1987-12-22T22:48:28Z,32,Russia,5547486965
75,Rosaleen,Dewire,rdewire22@e-recht24.de,2005-07-27T23:40:52Z,52,Malaysia,2263513336
76,Russ,MacAllen,rmacallen23@wufoo.com,2011-01-26T18:19:46Z,36,Peru,6935442105
77,Dehlia,Abell,dabell24@wp.com,2008-12-16T15:58:32Z,30,China,3624569387
78,Roxane,Crumley,rcrumley25@nsw.gov.au,2016-01-13T00:35:30Z,56,China,7469147407
79,Salli,Wetherell,swetherell26@yolasite.com,1996-07-04T06:57:29Z,25,Philippines,5587741162
80,Estella,Stihl,estihl27@census.gov,1996-07-20T15:28:15Z,23,Brazil,7912155772
81,Aloise,Halsted,ahalsted28@skype.com,1992-10-19T15:47:50Z,28,Morocco,6223079723
82,Delilah,Bryenton,dbryenton29@senate.gov,1989-05-26T18:56:53Z,34,Haiti,3415016586
83,Sutherlan,Cook,scook2a@redcross.org,1973-04-10T21:46:41Z,49,Honduras,8985477322
84,Kris,Ruddiman,kruddiman2b@bloglovin.com,1994-05-11T18:35:48Z,32,India,9751618900
85,Worden,Feldbau,wfeldbau2c@unicef.org,1990-01-28T01:42:46Z,47,Kyrgyzstan,2824427888
86,Bastian,Fawdrey,bfawdrey2d@dailymail.co.uk,2005-03-02T09:06:46Z,35,Russia,7198620327
87,Averil,Drawmer,adrawmer2e@arizona.edu,2016-03-24T19:45:20Z,38,Poland,9185944900
88,Ashley,Coppo,acoppo2f@wp.com,1979-01-19T05:27:05Z,53,Argentina,7323146137
89,Pierce,Whittenbury,pwhittenbury2g@privacy.gov.au,1972-08-08T11:43:32Z,48,Sweden,1633614346
90,Blair,Binney,bbinney2h@virginia.edu,2015-01-22T06:51:24Z,29,China,1377212656
91,Xenos,Richter,xrichter2i@livejournal.com,2006-06-07T10:08:15Z,21,Indonesia,1952157704
92,Peggi,Gorden,pgorden2j@cornell.edu,2001-04-18T20:42:19Z,51,Argentina,2066456973
93,Elfie,Collar,ecollar2k@biglobe.ne.jp,1997-12-09T03:38:58Z,22,Philippines,4111509112
94,Braden,Casterot,bcasterot2l@wordpress.org,1984-06-23T16:45:48Z,38,Myanmar,9709397070
95,Denna,Venart,dvenart2m@statcounter.com,1981-04-12T04:48:46Z,37,Philippines,9478173796
96,Freddy,Wolver,fwolver2n@upenn.edu,1988-12-14T13:23:07Z,27,Australia,9546984869
97,Amble,Bullimore,abullimore2o@elpais.com,2020-09-17T02:17:02Z,26,Poland,9019635173
98,Scotty,Birtonshaw,sbirtonshaw2p@fastcompany.com,2006-05-16T15:35:28Z,45,Kenya,7586598338
99,Julissa,Beekmann,jbeekmann2q@bandcamp.com,2001-12-04T19:51:58Z,36,Indonesia,3596271798
100,Betti,Corness,bcorness2r@theatlantic.com,2000-12-30T02:36:18Z,57,China,1161532892
101,Vivianna,Nan Carrow,vnancarrow2s@redcross.org,1979-05-08T03:29:29Z,28,Portugal,4367762251
102,Jermain,Himpson,jhimpson2t@engadget.com,1986-05-18T19:14:12Z,52,Russia,7616300533
103,Luci,Wardrop,lwardrop2u@bloglines.com,1981-10-18T22:06:09Z,31,Indonesia,8915362075
104,Fidel,Denial,fdenial2v@bloglovin.com,2009-05-10T05:45:25Z,33,Aland Islands,7003463864
105,Flori,Follitt,ffollitt2w@ucsd.edu,1989-03-09T22:39:04Z,21,China,5942255307
106,Orlan,Audas,oaudas2x@archive.org,1994-07-06T08:42:56Z,39,Russia,7235425351
107,Arlette,Melluish,amelluish2y@house.gov,1989-05-12T11:41:40Z,36,Palestinian Territory,1866799906
108,Gwenni,Jeffress,gjeffress2z@xinhuanet.com,1991-06-16T12:33:53Z,49,Philippines,3421305491
109,Dolores,Kilfeder,dkilfeder30@paypal.com,1981-10-19T00:04:19Z,19,China,9946407486
110,Phelia,Crone,pcrone31@gnu.org,1998-01-30T00:02:25Z,56,China,2002482492
111,Brod,Lambird,blambird32@list-manage.com,2002-05-04T10:49:50Z,46,Brazil,5853761808
112,Lizbeth,Epton,lepton33@paypal.com,2010-12-05T00:13:32Z,51,North Korea,9555728056
113,Cherye,Meaders,cmeaders34@scribd.com,1978-03-24T19:14:51Z,29,Latvia,1578797192
114,Chris,Lasseter,classeter35@dagondesign.com,2010-09-27T18:01:10Z,33,Indonesia,5013826308
115,Nancy,Youngs,nyoungs36@jimdo.com,2014-04-18T18:31:28Z,35,Indonesia,2689283489
116,Monique,Mucklestone,mmucklestone37@github.com,1988-07-04T22:30:44Z,53,Indonesia,5968984616
117,Kimmy,Ades,kades38@narod.ru,2009-11-02T10:35:24Z,38,China,1748875619
118,Tera,Scoyne,tscoyne39@flavors.me,1982-06-30T11:39:31Z,38,Poland,4685984387
119,Phineas,Staples,pstaples3a@spotify.com,1997-01-28T08:14:59Z,24,Sudan,3897720661
120,Hart,Featherbie,hfeatherbie3b@networkadvertising.org,1975-02-05T14:33:57Z,52,China,2177654172
121,Lauraine,Tooley,ltooley3c@tripadvisor.com,2008-03-30T00:54:27Z,21,Chile,8737712927
122,Ashlen,Whiskin,awhiskin3d@istockphoto.com,1977-10-10T10:17:31Z,27,Peru,3337237981
123,Terrence,Jessope,tjessope3e@washington.edu,1995-11-15T17:54:02Z,22,Colombia,6333952462
124,Byrann,Burmingham,bburmingham3f@eepurl.com,2018-12-06T13:44:54Z,18,Poland,3918287749
125,Erika,Wingeatt,ewingeatt3g@cbsnews.com,1977-07-02T12:27:19Z,20,Japan,7927513888
126,Kamila,Bailes,kbailes3h@gizmodo.com,1974-03-15T19:03:38Z,42,Greece,2832676282
127,Jeffrey,Potteril,jpotteril3i@w3.org,1986-11-19T18:22:46Z,19,Philippines,5586137090
128,Darleen,Tailby,dtailby3j@imgur.com,2014-04-06T13:45:48Z,44,Sweden,4382606459
129,Calla,Calder,ccalder3k@ow.ly,1989-05-20T13:28:41Z,54,China,5275843618
130,Josi,Reijmers,jreijmers3l@merriam-webster.com,2017-10-03T07:15:37Z,33,Indonesia,6027754211
131,Jasmine,Doerren,jdoerren3m@oakley.com,2012-11-08T23:36:57Z,18,Uzbekistan,2667276982
132,Maren,Koppes,mkoppes3n@kickstarter.com,1999-07-28T09:56:06Z,23,Finland,6616864060
133,Amabel,Seabrook,aseabrook3o@si.edu,2005-04-02T20:55:57Z,28,Philippines,2101330406
134,Ruy,Pembery,rpembery3p@homestead.com,1982-02-14T06:43:12Z,53,China,9006769935
135,Ginger,Duckerin,gduckerin3q@rakuten.co.jp,1989-09-23T16:09:05Z,20,Indonesia,3747861980
136,Duffy,Slott,dslott3r@mapquest.com,1980-01-04T17:21:21Z,36,Bangladesh,6932834902
137,Davine,Wyche,dwyche3s@marketwatch.com,1975-05-25T16:15:09Z,36,China,3966242592
138,Turner,Imison,timison3t@123-reg.co.uk,1995-09-28T23:43:16Z,25,Peru,3837350449
139,Gram,Hambidge,ghambidge3u@pbs.org,2019-08-18T11:53:07Z,21,China,5645962764
140,Steffane,Barnby,sbarnby3v@cnet.com,1970-11-14T04:14:59Z,42,Iran,9965266306
141,Maximilian,Soden,msoden3w@google.ru,1991-10-18T04:06:27Z,38,Nigeria,7692303014
142,Adria,Litt,alitt3x@gravatar.com,2002-12-18T13:39:52Z,45,Czech Republic,8345155467
143,Lombard,Reavell,lreavell3y@lulu.com,2015-11-06T19:43:55Z,53,Japan,4946841086
144,Evonne,Larman,elarman3z@example.com,1994-02-06T10:25:34Z,53,Indonesia,6154254182
145,Mackenzie,Shelf,mshelf40@mediafire.com,1991-04-05T00:54:18Z,27,Russia,9529154391
146,Bennie,Armal,barmal41@moonfruit.com,1989-04-09T04:02:35Z,46,China,5917232268
147,Lotti,Masey,lmasey42@icq.com,1994-11-29T11:03:21Z,44,France,6355185541
148,Charlean,Charrington,ccharrington43@alexa.com,1992-06-13T17:12:00Z,29,Indonesia,1924682543
149,Rad,Bernetti,rbernetti44@sogou.com,2003-12-29T04:03:20Z,29,Indonesia,9966208994
150,Austine,Yedall,ayedall45@networksolutions.com,1994-04-14T17:07:23Z,55,Indonesia,1103972525
151,Jennie,Scholefield,jscholefield46@ycombinator.com,1980-03-11T09:33:55Z,43,China,8911487320
152,Obediah,Roden,oroden47@diigo.com,2005-07-26T03:16:17Z,44,Indonesia,4255486197
153,Waverley,Buxey,wbuxey48@fotki.com,1984-12-20T07:24:10Z,39,China,6791987087
154,Wendie,Seel,wseel49@sciencedaily.com,2003-02-10T17:04:45Z,39,China,9472580076
155,Cosette,Grayson,cgrayson4a@irs.gov,2019-07-21T06:07:28Z,35,Brazil,9722587108
156,Taffy,McKeurtan,tmckeurtan4b@privacy.gov.au,1997-01-21T22:10:53Z,41,Indonesia,4997737370
157,Forrester,Hovell,fhovell4c@aboutads.info,1986-10-20T19:49:22Z,22,Colombia,7106696601
158,Zahara,Triggle,ztriggle4d@vinaora.com,2005-02-25T09:13:12Z,45,South Africa,6595597224
159,Kylen,Scotson,kscotson4e@tuttocitta.it,1985-01-23T13:21:43Z,46,China,4427967771
160,Shepherd,Jaquemar,sjaquemar4f@mapy.cz,1986-09-19T05:43:59Z,49,United States,7048774125
161,Denna,Garrish,dgarrish4g@census.gov,1995-11-28T17:56:19Z,22,Indonesia,4737527510
162,Martie,Oulner,moulner4h@creativecommons.org,1983-11-17T15:20:48Z,47,Guatemala,6671477233
163,Suki,Endon,sendon4i@de.vu,2016-10-31T14:23:00Z,27,Bolivia,8141256580
164,Maynord,Bowyer,mbowyer4j@marketwatch.com,1992-11-03T10:51:40Z,40,Japan,9901066288
165,Tobie,Crone,tcrone4k@ehow.com,1995-02-26T17:16:13Z,35,Sweden,2944707337
166,Lucais,Deaconson,ldeaconson4l@vinaora.com,2017-04-15T22:01:11Z,58,Philippines,7031593811
167,Barrett,Dowse,bdowse4m@gnu.org,2002-06-15T04:55:56Z,30,China,8807169724
168,Karia,Collin,kcollin4n@flickr.com,1982-11-12T01:02:44Z,46,China,3772129199
169,Elladine,Forlonge,eforlonge4o@ovh.net,1971-01-03T18:11:04Z,49,Czech Republic,4027294466
170,Hendrick,Dugald,hdugald4p@ameblo.jp,2011-10-09T17:47:31Z,42,Japan,4752501251
171,Sande,Dann,sdann4q@dot.gov,1978-09-17T12:09:47Z,20,China,2842137111
172,Hertha,Dimond,hdimond4r@ebay.co.uk,1991-03-03T04:32:21Z,51,Sweden,1301753210
173,Broddie,Bensen,bbensen4s@gov.uk,1972-09-30T13:28:00Z,26,China,8363676981
174,Holt,Baigrie,hbaigrie4t@spiegel.de,1980-01-20T05:41:57Z,25,Poland,5546288820
175,Cletus,Merioth,cmerioth4u@delicious.com,1989-06-26T08:20:52Z,19,Ukraine,4284793961
176,Jaimie,Dearden,jdearden4v@yolasite.com,1998-01-15T05:03:02Z,18,Portugal,3017625801
177,Karmen,Galbreath,kgalbreath4w@japanpost.jp,1992-03-05T00:32:22Z,28,New Caledonia,6258136385
178,Anthea,Coltart,acoltart4x@webeden.co.uk,1994-10-31T01:02:00Z,58,China,8849322560
179,Hillard,Dashkovich,hdashkovich4y@fastcompany.com,2009-11-20T16:15:06Z,58,Morocco,7571375660
180,Rochell,Eburne,reburne4z@loc.gov,1991-09-07T14:18:25Z,32,China,7544062486
181,Rowe,Dwerryhouse,rdwerryhouse50@weebly.com,1988-03-03T09:09:19Z,28,Russia,1616068426
182,Conni,Bichener,cbichener51@unicef.org,1989-10-08T09:33:10Z,40,China,6073686958
183,Esma,Croisdall,ecroisdall52@answers.com,1998-03-09T00:34:08Z,45,Indonesia,8542700354
184,Malia,MacPaike,mmacpaike53@dot.gov,1975-01-21T12:52:57Z,25,Indonesia,2063411019
185,Bentley,Romer,bromer54@biglobe.ne.jp,1997-12-07T19:13:27Z,31,United States,7064643932
186,Terrie,Leteurtre,tleteurtre55@aboutads.info,1984-10-21T12:15:06Z,22,Lithuania,6046039583
187,Rianon,Eisikowitz,reisikowitz56@desdev.cn,1999-05-28T00:30:11Z,57,China,8086633725
188,Kelila,Michal,kmichal57@elpais.com,1987-07-30T11:09:44Z,32,China,7808787588
189,Armin,Arthey,aarthey58@reddit.com,1981-09-10T11:04:18Z,35,Kazakhstan,5477631800
190,Maureene,Osbourn,mosbourn59@sciencedaily.com,2009-01-31T12:16:27Z,36,Czech Republic,7064445932
191,Aida,Karpeev,akarpeev5a@intel.com,2010-12-24T14:24:43Z,29,Colombia,7395200447
192,Israel,Buckenham,ibuckenham5b@chronoengine.com,2019-12-20T10:26:49Z,54,Colombia,6095491240
193,Dorthea,Kelston,dkelston5c@skyrock.com,1975-08-09T20:26:42Z,47,Brazil,3817277384
194,Kip,Androsik,kandrosik5d@lycos.com,2018-01-02T15:43:27Z,57,Greece,4865891641
195,Cirilo,Dunlap,cdunlap5e@uol.com.br,1989-11-14T03:44:10Z,52,Indonesia,4991269701
196,Link,Giriardelli,lgiriardelli5f@spotify.com,2007-10-28T21:46:44Z,25,Chile,6604870931
197,Blakelee,Francesco,bfrancesco5g@prweb.com,1985-02-07T08:34:18Z,54,Armenia,2579672521
198,Lyndsay,Oxbe,loxbe5h@digg.com,1971-06-11T02:48:04Z,23,Cyprus,4384505930
199,Olympie,Bewley,obewley5i@tripod.com,1972-09-15T21:20:05Z,55,Poland,7912447031
200,Bobbye,Cottingham,bcottingham5j@wufoo.com,2005-11-16T01:27:00Z,21,China,4503183253
